id,order_number,price,product_id,product_title,product_variant_id,product_variant_title
ded54adc-adb0-4559-8d05-7c5440edd606,FCZXSMZ,110,product-gsbrightbluehoodie,Beam Blue Hoodie,pvariant-gsbrightbluehoodiemedium,Medium
ded54adc-adb0-4559-8d05-7c5440edd606,FCZXSMZ,110,product-gsbrightbluehoodie,Beam Blue Hoodie,pvariant-gsbrightbluehoodiemedium,Medium
f2fb6009-3cf4-4795-b5b8-2f66721b243f,RF5LR2UURJ,100,product-gsbrightbluesweats,Beam Blue Sweats,pvariant-gsbrightbluesweatsmedium,Medium
10ef2c45-cb42-41ec-82ea-6e241a205021,RF5LR2UURJ,100,product-gsbrightbluesweats,Beam Blue Sweats,pvariant-gsbrightbluesweatsmedium,Medium
3c6a5fd9-5e57-4cf1-9ed1-332a2117dfcb,2EWVBFAYGR,100,product-gsbrightbluesweats,Beam Blue Sweats,pvariant-gsbrightbluesweatsmedium,Medium
aeaa4c4d-12e1-4016-bc47-30d08f00041c,CAHWWSMWOD,25,product-socksbundle,GOOD Socks (2 Pair),pvariant-socksbundle-size,One Size
aeaa4c4d-12e1-4016-bc47-30d08f00041c,CAHWWSMWOD,25,product-socksbundle,GOOD Socks (2 Pair),pvariant-socksbundle-size,One Size
cafdecc9-f3bf-4274-93d8-4f7cda91c842,JCTR6OHJBK,110,product-gsbrightbluehoodie,Beam Blue Hoodie,pvariant-gsbrightbluehoodiemedium,Medium
cafdecc9-f3bf-4274-93d8-4f7cda91c842,JCTR6OHJBK,110,product-gsbrightbluehoodie,Beam Blue Hoodie,pvariant-gsbrightbluehoodiemedium,Medium
8af6ce89-2157-49c5-8108-f7a64c59988b,LZIMYUXZ23,110,product-gsbrightbluehoodie,Beam Blue Hoodie,pvariant-gsbrightbluehoodiemedium,Medium
8af6ce89-2157-49c5-8108-f7a64c59988b,LZIMYUXZ23,110,product-gsbrightbluehoodie,Beam Blue Hoodie,pvariant-gsbrightbluehoodiemedium,Medium
8af6ce89-2157-49c5-8108-f7a64c59988b,LZIMYUXZ23,110,product-gsbrightbluehoodie,Beam Blue Hoodie,pvariant-gsbrightbluehoodiemedium,Medium
8af6ce89-2157-49c5-8108-f7a64c59988b,LZIMYUXZ23,110,product-gsbrightbluehoodie,Beam Blue Hoodie,pvariant-gsbrightbluehoodiemedium,Medium
8af6ce89-2157-49c5-8108-f7a64c59988b,LZIMYUXZ23,110,product-gsbrightbluehoodie,Beam Blue Hoodie,pvariant-gsbrightbluehoodiemedium,Medium
fafc99e3-7a7a-42a5-b2d0-0ce52ecfb3cd,FEUC7UE2BQ,340,product-gsbrightbluebundle,Beam Blue Collection (All Products),pvariant-gsbrightbluebundlemedium,Medium
85f28164-7074-480b-9914-6aa095a17120,LXGPTT7WBE,100,product-gsbrightbluesweats,Beam Blue Sweats,pvariant-gsbrightbluesweatsmedium,Medium
a19c432d-14d3-4196-84ef-20fcbd89a5c1,8NTX2ZDJTF,100,product-gsbrightbluesweats,Beam Blue Sweats,pvariant-gsbrightbluesweatsmedium,Medium
a7d70e7e-3ed9-44bd-abbb-5294c9e467cb,GTAMXGYSZJ,110,product-gsbrightbluehoodie,Beam Blue Hoodie,pvariant-gsbrightbluehoodiemedium,Medium
45597b13-5a44-435e-8583-2719eb488ce7,F6VQ3S9TB4,100,product-gsbrightbluesweats,Beam Blue Sweats,pvariant-gsbrightbluesweatsmedium,Medium
cf4d23cf-99f7-4f6c-bf2c-83eadf022894,9P4BBGHYJ9,100,product-gsbrightbluesweats,Beam Blue Sweats,pvariant-gsbrightbluesweatsmedium,Medium
cf4d23cf-99f7-4f6c-bf2c-83eadf022894,9P4BBGHYJ9,100,product-gsbrightbluesweats,Beam Blue Sweats,pvariant-gsbrightbluesweatsmedium,Medium
cf4d23cf-99f7-4f6c-bf2c-83eadf022894,9P4BBGHYJ9,100,product-gsbrightbluesweats,Beam Blue Sweats,pvariant-gsbrightbluesweatsmedium,Medium
cf4d23cf-99f7-4f6c-bf2c-83eadf022894,9P4BBGHYJ9,100,product-gsbrightbluesweats,Beam Blue Sweats,pvariant-gsbrightbluesweatsmedium,Medium
cf4d23cf-99f7-4f6c-bf2c-83eadf022894,9P4BBGHYJ9,100,product-gsbrightbluesweats,Beam Blue Sweats,pvariant-gsbrightbluesweatsmedium,Medium
09cec2ef-f47d-4529-9efc-4eb566f7fb50,A747ETYTIC,110,product-gsbrightbluehoodie,Beam Blue Hoodie,pvariant-gsbrightbluehoodiemedium,Medium
9dc1a79b-3715-4e3f-ad72-f76c9d09cabb,5Z9I2V5,100,product-gsbrightbluesweats,Beam Blue Sweats,pvariant-gsbrightbluesweatsmedium,Medium
69626200-2735-4117-b17b-9528ed0c432e,JOABQ9JZGD,100,product-gsbrightbluesweats,Beam Blue Sweats,pvariant-gsbrightbluesweatsmedium,Medium
69626200-2735-4117-b17b-9528ed0c432e,JOABQ9JZGD,100,product-gsbrightbluesweats,Beam Blue Sweats,pvariant-gsbrightbluesweatsmedium,Medium
69626200-2735-4117-b17b-9528ed0c432e,JOABQ9JZGD,100,product-gsbrightbluesweats,Beam Blue Sweats,pvariant-gsbrightbluesweatsmedium,Medium
0f2d8b47-3f22-403a-bfc0-107716e1228f,UNBZJWLQGT,50,product-wegoodgreytee,WE GOOD Tee,pvariant-wegoodgreyteemedium,Medium
0f2d8b47-3f22-403a-bfc0-107716e1228f,UNBZJWLQGT,30,product-truckerhat,Washed Dad Cap,pvariant-truckerhatone-size,One Size
509c74d5-2135-4c6d-b90a-2537e260cc3d,B1DHQBPTMB,110,product-gsbrightbluehoodie,Beam Blue Hoodie,pvariant-gsbrightbluehoodiemedium,Medium
499d8438-28cd-4de2-a965-45401b76fe50,M2N7MVMQOX,100,product-gsbrightbluesweats,Beam Blue Sweats,pvariant-gsbrightbluesweatsmedium,Medium
52c6aa64-1e20-4c1a-a6c7-f38bfbb25acc,GFY2AEUCEB,100,product-gsbrightbluesweats,Beam Blue Sweats,pvariant-gsbrightbluesweatsmedium,Medium
d06f9663-b917-4c80-8645-22d8ccd103e1,CZETGZVCYP,100,product-gsbrightbluesweats,Beam Blue Sweats,pvariant-gsbrightbluesweatsmedium,Medium
5decd0ae-ff80-4a1f-a4e7-ce01ff795030,FMKNQCY4UJ,110,product-gsbrightbluehoodie,Beam Blue Hoodie,pvariant-gsbrightbluehoodiemedium,Medium
5decd0ae-ff80-4a1f-a4e7-ce01ff795030,FMKNQCY4UJ,110,product-gsbrightbluehoodie,Beam Blue Hoodie,pvariant-gsbrightbluehoodiemedium,Medium
0e3fafb7-cd99-4052-8315-056f1446301d,9HZUUSGPFZ,110,product-gsbrightbluehoodie,Beam Blue Hoodie,pvariant-gsbrightbluehoodiemedium,Medium
b7eefd8e-04bb-4c80-9906-3692fe09e3a3,LB4RB6FD2X,110,product-gsbrightbluehoodie,Beam Blue Hoodie,pvariant-gsbrightbluehoodiemedium,Medium
b7eefd8e-04bb-4c80-9906-3692fe09e3a3,LB4RB6FD2X,50,product-wegoodgreytee,WE GOOD Tee,pvariant-wegoodgreyteemedium,Medium
9104f311-6c49-4287-8ecd-3131cb0f137c,NSXZFPNFWU,100,product-gsbrightbluesweats,Beam Blue Sweats,pvariant-gsbrightbluesweatsmedium,Medium
f1beacf7-077f-414b-8fd6-99109c25affc,PF6FCGEDMN,340,product-gsbrightbluebundle,Beam Blue Collection (All Products),pvariant-gsbrightbluebundlemedium,Medium
1db6c6a9-7770-43ee-b69b-fcf651f6f6a1,CAHWWSMWOD,25,product-socksbundle,GOOD Socks (2 Pair),pvariant-socksbundle-size,One Size
1db6c6a9-7770-43ee-b69b-fcf651f6f6a1,CAHWWSMWOD,25,product-socksbundle,GOOD Socks (2 Pair),pvariant-socksbundle-size,One Size
aa27e9f8-60c6-4ae9-bb89-b9058b2f70b0,GILFZM1J1X,110,product-gsbrightbluehoodie,Beam Blue Hoodie,pvariant-gsbrightbluehoodiemedium,Medium
aa27e9f8-60c6-4ae9-bb89-b9058b2f70b0,GILFZM1J1X,110,product-gsbrightbluehoodie,Beam Blue Hoodie,pvariant-gsbrightbluehoodiemedium,Medium
4d479972-0f89-43fb-b980-94677a000af3,D9SBTVL5AF,25,product-socksbundle,GOOD Socks (2 Pair),pvariant-socksbundle-size,One Size
4d479972-0f89-43fb-b980-94677a000af3,D9SBTVL5AF,25,product-socksbundle,GOOD Socks (2 Pair),pvariant-socksbundle-size,One Size
4d479972-0f89-43fb-b980-94677a000af3,D9SBTVL5AF,25,product-socksbundle,GOOD Socks (2 Pair),pvariant-socksbundle-size,One Size
4d479972-0f89-43fb-b980-94677a000af3,D9SBTVL5AF,25,product-socksbundle,GOOD Socks (2 Pair),pvariant-socksbundle-size,One Size
4d479972-0f89-43fb-b980-94677a000af3,D9SBTVL5AF,25,product-socksbundle,GOOD Socks (2 Pair),pvariant-socksbundle-size,One Size
d8ac26bf-6d4e-4213-888f-f9bc03d15e04,JZDGIURB5Y,100,product-gsbrightbluesweats,Beam Blue Sweats,pvariant-gsbrightbluesweatsmedium,Medium
77c6b652-f85d-4d45-a9e0-a1cedb5fbff2,6XEQVMUITA,110,product-gsbrightbluehoodie,Beam Blue Hoodie,pvariant-gsbrightbluehoodiemedium,Medium
8fe459cc-e4d1-4b79-895a-eafe26521756,5PBBWKKC2U,100,product-gsbrightbluesweats,Beam Blue Sweats,pvariant-gsbrightbluesweatsmedium,Medium
92ec00e1-fcc7-4da2-b5a5-e3960bc2e222,GB6DLDFI8Q,100,product-gsbrightbluesweats,Beam Blue Sweats,pvariant-gsbrightbluesweatsmedium,Medium
92ec00e1-fcc7-4da2-b5a5-e3960bc2e222,GB6DLDFI8Q,100,product-gsbrightbluesweats,Beam Blue Sweats,pvariant-gsbrightbluesweatsmedium,Medium
5e269efc-6438-42da-bdb9-0b7ed3556ad3,C88TEFGMC8,100,product-gsbrightbluesweats,Beam Blue Sweats,pvariant-gsbrightbluesweatsmedium,Medium
e02ca9b5-15e3-47d5-949d-97b663e407d3,8QQWJXVAVF,110,product-gsbrightbluehoodie,Beam Blue Hoodie,pvariant-gsbrightbluehoodiemedium,Medium
e02ca9b5-15e3-47d5-949d-97b663e407d3,8QQWJXVAVF,110,product-gsbrightbluehoodie,Beam Blue Hoodie,pvariant-gsbrightbluehoodiemedium,Medium
e02ca9b5-15e3-47d5-949d-97b663e407d3,8QQWJXVAVF,100,product-gsbrightbluesweats,Beam Blue Sweats,pvariant-gsbrightbluesweatsmedium,Medium
e02ca9b5-15e3-47d5-949d-97b663e407d3,8QQWJXVAVF,100,product-gsbrightbluesweats,Beam Blue Sweats,pvariant-gsbrightbluesweatsmedium,Medium
e02ca9b5-15e3-47d5-949d-97b663e407d3,8QQWJXVAVF,100,product-gsbrightbluesweats,Beam Blue Sweats,pvariant-gsbrightbluesweatsmedium,Medium
fec323e5-e028-4873-94b8-d44da335e117,ATG4CFACDA,110,product-gsbrightbluehoodie,Beam Blue Hoodie,pvariant-gsbrightbluehoodiemedium,Medium
fec323e5-e028-4873-94b8-d44da335e117,ATG4CFACDA,110,product-gsbrightbluehoodie,Beam Blue Hoodie,pvariant-gsbrightbluehoodiemedium,Medium
fec323e5-e028-4873-94b8-d44da335e117,ATG4CFACDA,110,product-gsbrightbluehoodie,Beam Blue Hoodie,pvariant-gsbrightbluehoodiemedium,Medium
b37cf252-7b94-469c-ac10-bb505395a7f6,UNBZJWLQGT,50,product-wegoodgreytee,WE GOOD Tee,pvariant-wegoodgreyteemedium,Medium
b37cf252-7b94-469c-ac10-bb505395a7f6,UNBZJWLQGT,30,product-truckerhat,Washed Dad Cap,pvariant-truckerhatone-size,One Size
92e97478-b37a-447b-9487-ca3780f4d3f0,A4CKU9ENJI,50,product-wegoodgreytee,WE GOOD Tee,pvariant-wegoodgreyteemedium,Medium
b922a57f-8006-4c3e-baa8-f5360d1d1c0b,MGPUZ2M6LW,30,product-truckerhat,Washed Dad Cap,pvariant-truckerhatone-size,One Size
fd9df330-0b7e-47de-850a-578c1666a4fa,169NPU5TSH,100,product-gsbrightbluesweats,Beam Blue Sweats,pvariant-gsbrightbluesweatsmedium,Medium
fa6403f8-8f90-4c09-baba-ce0dcaf370c6,BW8SJJWSSH,100,product-gsbrightbluesweats,Beam Blue Sweats,pvariant-gsbrightbluesweatsmedium,Medium
fa6403f8-8f90-4c09-baba-ce0dcaf370c6,BW8SJJWSSH,50,product-wegoodgreytee,WE GOOD Tee,pvariant-wegoodgreyteemedium,Medium
11c47705-f35e-4813-b18c-5e653fc93b98,95U82RHTSM,100,product-gsbrightbluesweats,Beam Blue Sweats,pvariant-gsbrightbluesweatsmedium,Medium
c8707871-abb9-4fc4-8671-1ca5d5480dc4,AXR2J897TE,110,product-gsbrightbluehoodie,Beam Blue Hoodie,pvariant-gsbrightbluehoodiemedium,Medium
fc61a080-4f6f-4b92-8395-816cf8c5aefb,EJJ5ZYX6SM,100,product-gsbrightbluesweats,Beam Blue Sweats,pvariant-gsbrightbluesweatsmedium,Medium
5b629d92-8539-4d41-baaa-a6399a213b56,CCFWNUPNDO,100,product-gsbrightbluesweats,Beam Blue Sweats,pvariant-gsbrightbluesweatsmedium,Medium
53449383-eec0-4abb-99f4-09f13d88d2db,5HNTPI5PSR,110,product-gsbrightbluehoodie,Beam Blue Hoodie,pvariant-gsbrightbluehoodiemedium,Medium
53449383-eec0-4abb-99f4-09f13d88d2db,5HNTPI5PSR,110,product-gsbrightbluehoodie,Beam Blue Hoodie,pvariant-gsbrightbluehoodiemedium,Medium
53449383-eec0-4abb-99f4-09f13d88d2db,5HNTPI5PSR,110,product-gsbrightbluehoodie,Beam Blue Hoodie,pvariant-gsbrightbluehoodiemedium,Medium
53449383-eec0-4abb-99f4-09f13d88d2db,5HNTPI5PSR,110,product-gsbrightbluehoodie,Beam Blue Hoodie,pvariant-gsbrightbluehoodiemedium,Medium
53449383-eec0-4abb-99f4-09f13d88d2db,5HNTPI5PSR,110,product-gsbrightbluehoodie,Beam Blue Hoodie,pvariant-gsbrightbluehoodiemedium,Medium
26e6e967-46ca-40fa-92e6-f2041752bdaf,6JOHTGC7W8,110,product-gsbrightbluehoodie,Beam Blue Hoodie,pvariant-gsbrightbluehoodiemedium,Medium
fb786c0f-5de3-42dd-91c5-908eb9e99dcd,3V1JCOUFFH,100,product-gsbrightbluesweats,Beam Blue Sweats,pvariant-gsbrightbluesweatsmedium,Medium
0227fb74-6fef-4705-93d3-267ea8c223ac,3J5VKYMIKZ,100,product-gsbrightbluesweats,Beam Blue Sweats,pvariant-gsbrightbluesweatsmedium,Medium
42ec415f-d095-46c6-88a6-e7188a29557e,4RVJH69QTG,340,product-gsbrightbluebundle,Beam Blue Collection (All Products),pvariant-gsbrightbluebundlemedium,Medium
42ec415f-d095-46c6-88a6-e7188a29557e,4RVJH69QTG,340,product-gsbrightbluebundle,Beam Blue Collection (All Products),pvariant-gsbrightbluebundlemedium,Medium
42ec415f-d095-46c6-88a6-e7188a29557e,4RVJH69QTG,340,product-gsbrightbluebundle,Beam Blue Collection (All Products),pvariant-gsbrightbluebundlemedium,Medium
42ec415f-d095-46c6-88a6-e7188a29557e,4RVJH69QTG,340,product-gsbrightbluebundle,Beam Blue Collection (All Products),pvariant-gsbrightbluebundlemedium,Medium
42ec415f-d095-46c6-88a6-e7188a29557e,4RVJH69QTG,340,product-gsbrightbluebundle,Beam Blue Collection (All Products),pvariant-gsbrightbluebundlemedium,Medium
08383211-31c7-41e8-af62-040ab57bef91,MVZKEXZSDU,100,product-gsbrightbluesweats,Beam Blue Sweats,pvariant-gsbrightbluesweatsmedium,Medium
08383211-31c7-41e8-af62-040ab57bef91,MVZKEXZSDU,100,product-gsbrightbluesweats,Beam Blue Sweats,pvariant-gsbrightbluesweatsmedium,Medium
08383211-31c7-41e8-af62-040ab57bef91,MVZKEXZSDU,100,product-gsbrightbluesweats,Beam Blue Sweats,pvariant-gsbrightbluesweatsmedium,Medium
08383211-31c7-41e8-af62-040ab57bef91,MVZKEXZSDU,100,product-gsbrightbluesweats,Beam Blue Sweats,pvariant-gsbrightbluesweatsmedium,Medium
08383211-31c7-41e8-af62-040ab57bef91,MVZKEXZSDU,100,product-gsbrightbluesweats,Beam Blue Sweats,pvariant-gsbrightbluesweatsmedium,Medium
1ab5b4c8-d08f-402d-a044-846ba975441b,BH75K6IWSC,110,product-gsbrightbluehoodie,Beam Blue Hoodie,pvariant-gsbrightbluehoodiemedium,Medium
1ab5b4c8-d08f-402d-a044-846ba975441b,BH75K6IWSC,110,product-gsbrightbluehoodie,Beam Blue Hoodie,pvariant-gsbrightbluehoodiemedium,Medium
1ab5b4c8-d08f-402d-a044-846ba975441b,BH75K6IWSC,110,product-gsbrightbluehoodie,Beam Blue Hoodie,pvariant-gsbrightbluehoodiemedium,Medium
af3620a2-36a9-40ae-8c42-e92b6d40cb19,7Y72VGATI3,110,product-gsbrightbluehoodie,Beam Blue Hoodie,pvariant-gsbrightbluehoodiemedium,Medium
75d1ccc7-e884-4265-b851-211c5d0e2770,E4FDVU3Z3E,110,product-gsbrightbluehoodie,Beam Blue Hoodie,pvariant-gsbrightbluehoodiemedium,Medium
73245387-beff-4619-b94a-627d29d8f513,N82X8WR,110,product-gsbrightbluehoodie,Beam Blue Hoodie,pvariant-gsbrightbluehoodiemedium,Medium
73245387-beff-4619-b94a-627d29d8f513,N82X8WR,110,product-gsbrightbluehoodie,Beam Blue Hoodie,pvariant-gsbrightbluehoodiemedium,Medium
d16b4a0e-6abd-4834-be5e-00066ded2803,8HQZLZD,100,product-gsbrightbluesweats,Beam Blue Sweats,pvariant-gsbrightbluesweatsmedium,Medium
d16b4a0e-6abd-4834-be5e-00066ded2803,8HQZLZD,100,product-gsbrightbluesweats,Beam Blue Sweats,pvariant-gsbrightbluesweatsmedium,Medium
9b6bdb1c-fc5f-4d71-997d-43b58d890548,KRXK5CM,30,product-truckerhat,Washed Dad Cap,pvariant-truckerhatone-size,One Size
a11f2c9d-77ab-41fc-9675-ee836b951ca7,ANUH9TP,110,product-gsbrightbluehoodie,Beam Blue Hoodie,pvariant-gsbrightbluehoodiemedium,Medium
a11f2c9d-77ab-41fc-9675-ee836b951ca7,ANUH9TP,110,product-gsbrightbluehoodie,Beam Blue Hoodie,pvariant-gsbrightbluehoodiemedium,Medium
a11f2c9d-77ab-41fc-9675-ee836b951ca7,ANUH9TP,110,product-gsbrightbluehoodie,Beam Blue Hoodie,pvariant-gsbrightbluehoodiemedium,Medium
10f7a95a-6d25-40e4-8b84-32f0cf3a5917,N56PTARXVQ,100,product-gsbrightbluesweats,Beam Blue Sweats,pvariant-gsbrightbluesweatsmedium,Medium
10f7a95a-6d25-40e4-8b84-32f0cf3a5917,N56PTARXVQ,100,product-gsbrightbluesweats,Beam Blue Sweats,pvariant-gsbrightbluesweatsmedium,Medium
10f7a95a-6d25-40e4-8b84-32f0cf3a5917,N56PTARXVQ,100,product-gsbrightbluesweats,Beam Blue Sweats,pvariant-gsbrightbluesweatsmedium,Medium
10f7a95a-6d25-40e4-8b84-32f0cf3a5917,N56PTARXVQ,100,product-gsbrightbluesweats,Beam Blue Sweats,pvariant-gsbrightbluesweatsmedium,Medium
10f7a95a-6d25-40e4-8b84-32f0cf3a5917,N56PTARXVQ,100,product-gsbrightbluesweats,Beam Blue Sweats,pvariant-gsbrightbluesweatsmedium,Medium
0c0278ee-9754-47ff-a898-3d56e140f82b,HZ7KBD2,110,product-gsbrightbluehoodie,Beam Blue Hoodie,pvariant-gsbrightbluehoodiemedium,Medium
91184351-35a3-4f22-b7a0-da9043710e73,CV3ASZ1,110,product-gsbrightbluehoodie,Beam Blue Hoodie,pvariant-gsbrightbluehoodiemedium,Medium
b3b4132d-d0cb-413e-9fdd-a1d59a795fcf,HVDQQTY,110,product-gsbrightbluehoodie,Beam Blue Hoodie,pvariant-gsbrightbluehoodiemedium,Medium
f03ff1fe-39ea-49fa-8575-79c1af37fbce,8X3TSM5,110,product-gsbrightbluehoodie,Beam Blue Hoodie,pvariant-gsbrightbluehoodieextrasmall,Extra Small
d35aeef1-5289-425d-b472-8b31f240e6b5,CFUOUCQ,100,product-gsbrightbluesweats,Beam Blue Sweats,pvariant-gsbrightbluesweatsextrasmall,Extra Small
b0bf71e0-086b-4b9a-8ae6-b60b29c55c35,5H5BXAA,110,product-gsbrightbluehoodie,Beam Blue Hoodie,pvariant-gsbrightbluehoodieextrasmall,Extra Small
4ac870d3-fe19-4203-ad28-6313793103b8,L3MSP59,110,product-gsbrightbluehoodie,Beam Blue Hoodie,pvariant-gsbrightbluehoodieextrasmall,Extra Small
c2f18040-9a72-48d6-af2e-f0871be9a03f,CMIVBOR,50,product-wegoodgreytee,WE GOOD Tee,pvariant-wegoodgreyteemedium,Medium
c2f18040-9a72-48d6-af2e-f0871be9a03f,CMIVBOR,50,product-wegoodgreytee,WE GOOD Tee,pvariant-wegoodgreyteemedium,Medium
c2f18040-9a72-48d6-af2e-f0871be9a03f,CMIVBOR,50,product-wegoodgreytee,WE GOOD Tee,pvariant-wegoodgreyteemedium,Medium
5d0e9720-b22d-43ce-ac8a-50b1d6d90902,2YFGJMT,100,product-gsbrightbluesweats,Beam Blue Sweats,pvariant-gsbrightbluesweatsmedium,Medium
2bee7ba7-a91a-482b-9716-f95c6a8769f5,HCYREF4,110,product-gsbrightbluehoodie,Beam Blue Hoodie,pvariant-gsbrightbluehoodiemedium,Medium
2bee7ba7-a91a-482b-9716-f95c6a8769f5,HCYREF4,110,product-gsbrightbluehoodie,Beam Blue Hoodie,pvariant-gsbrightbluehoodiemedium,Medium
b0bf8751-3b64-45a4-b41a-e6ceaf8e154a,BRITBJT,110,product-gsbrightbluehoodie,Beam Blue Hoodie,pvariant-gsbrightbluehoodiemedium,Medium
b0bf8751-3b64-45a4-b41a-e6ceaf8e154a,BRITBJT,110,product-gsbrightbluehoodie,Beam Blue Hoodie,pvariant-gsbrightbluehoodiemedium,Medium
b0bf8751-3b64-45a4-b41a-e6ceaf8e154a,BRITBJT,110,product-gsbrightbluehoodie,Beam Blue Hoodie,pvariant-gsbrightbluehoodiemedium,Medium
1fd764fb-d330-4667-93c8-a70534700bcf,6NWA2QM,110,product-gsbrightbluehoodie,Beam Blue Hoodie,pvariant-gsbrightbluehoodiemedium,Medium
1fd764fb-d330-4667-93c8-a70534700bcf,6NWA2QM,110,product-gsbrightbluehoodie,Beam Blue Hoodie,pvariant-gsbrightbluehoodiemedium,Medium
1fd764fb-d330-4667-93c8-a70534700bcf,6NWA2QM,110,product-gsbrightbluehoodie,Beam Blue Hoodie,pvariant-gsbrightbluehoodiemedium,Medium
1fd764fb-d330-4667-93c8-a70534700bcf,6NWA2QM,110,product-gsbrightbluehoodie,Beam Blue Hoodie,pvariant-gsbrightbluehoodiemedium,Medium
4234d85b-1faa-4b45-a33e-ee9031083a2d,RB9MPLM,50,product-basicwhitetee,Classic Tee,pvariant-basicwhiteteemedium,Medium
5850cb1f-ea4e-431e-88b3-1ad44f591e7a,LFNZYZA,110,product-gsbrightbluehoodie,Beam Blue Hoodie,pvariant-gsbrightbluehoodiemedium,Medium
5850cb1f-ea4e-431e-88b3-1ad44f591e7a,LFNZYZA,110,product-gsbrightbluehoodie,Beam Blue Hoodie,pvariant-gsbrightbluehoodiemedium,Medium
5850cb1f-ea4e-431e-88b3-1ad44f591e7a,LFNZYZA,110,product-gsbrightbluehoodie,Beam Blue Hoodie,pvariant-gsbrightbluehoodiemedium,Medium
d7f232f1-c060-492a-8b14-dff4a5099bde,6D4VX3B,100,product-gsbrightbluesweats,Beam Blue Sweats,pvariant-gsbrightbluesweatsmedium,Medium
c319d490-65c7-41c7-9993-917bd2e53ee1,4NTTXY9,100,product-gsbrightbluesweats,Beam Blue Sweats,pvariant-gsbrightbluesweatsmedium,Medium
c319d490-65c7-41c7-9993-917bd2e53ee1,4NTTXY9,100,product-gsbrightbluesweats,Beam Blue Sweats,pvariant-gsbrightbluesweatsmedium,Medium
234e5e56-65d0-4c37-abff-7f5d3bc9ca9a,MV9ZB5O,50,product-basicwhitetee,Classic Tee,pvariant-basicwhiteteemedium,Medium
234e5e56-65d0-4c37-abff-7f5d3bc9ca9a,MV9ZB5O,50,product-basicwhitetee,Classic Tee,pvariant-basicwhiteteemedium,Medium
20808a5c-0c47-4920-8547-02e9958df3bd,2GGEEHZ,110,product-gsbrightbluehoodie,Beam Blue Hoodie,pvariant-gsbrightbluehoodiemedium,Medium
20808a5c-0c47-4920-8547-02e9958df3bd,2GGEEHZ,110,product-gsbrightbluehoodie,Beam Blue Hoodie,pvariant-gsbrightbluehoodiemedium,Medium
20808a5c-0c47-4920-8547-02e9958df3bd,2GGEEHZ,110,product-gsbrightbluehoodie,Beam Blue Hoodie,pvariant-gsbrightbluehoodiemedium,Medium
20808a5c-0c47-4920-8547-02e9958df3bd,2GGEEHZ,110,product-gsbrightbluehoodie,Beam Blue Hoodie,pvariant-gsbrightbluehoodiemedium,Medium
23fd74e5-b809-4707-a2b5-46db9852822e,4YHQJYQ,50,product-basicwhitetee,Classic Tee,pvariant-basicwhiteteemedium,Medium
23fd74e5-b809-4707-a2b5-46db9852822e,4YHQJYQ,50,product-basicwhitetee,Classic Tee,pvariant-basicwhiteteemedium,Medium
23fd74e5-b809-4707-a2b5-46db9852822e,4YHQJYQ,50,product-basicwhitetee,Classic Tee,pvariant-basicwhiteteemedium,Medium
144d048b-f115-4281-8818-cf48538e154d,TSMTVPB,110,product-gsbrightbluehoodie,Beam Blue Hoodie,pvariant-gsbrightbluehoodiemedium,Medium
a1f68e93-aee2-49a7-87f5-3b14a2944ceb,TSMTVPB,110,product-gsbrightbluehoodie,Beam Blue Hoodie,pvariant-gsbrightbluehoodiemedium,Medium
17470129-34c7-4523-b655-26aaecb44813,F1XJVMA,110,product-gsbrightbluehoodie,Beam Blue Hoodie,pvariant-gsbrightbluehoodiemedium,Medium
17470129-34c7-4523-b655-26aaecb44813,F1XJVMA,110,product-gsbrightbluehoodie,Beam Blue Hoodie,pvariant-gsbrightbluehoodiemedium,Medium
17470129-34c7-4523-b655-26aaecb44813,F1XJVMA,110,product-gsbrightbluehoodie,Beam Blue Hoodie,pvariant-gsbrightbluehoodiemedium,Medium
17470129-34c7-4523-b655-26aaecb44813,F1XJVMA,110,product-gsbrightbluehoodie,Beam Blue Hoodie,pvariant-gsbrightbluehoodiemedium,Medium
bbb10141-b11a-4d14-87d3-581a86934141,F1XJVMA,110,product-gsbrightbluehoodie,Beam Blue Hoodie,pvariant-gsbrightbluehoodiemedium,Medium
bbb10141-b11a-4d14-87d3-581a86934141,F1XJVMA,110,product-gsbrightbluehoodie,Beam Blue Hoodie,pvariant-gsbrightbluehoodiemedium,Medium
bbb10141-b11a-4d14-87d3-581a86934141,F1XJVMA,110,product-gsbrightbluehoodie,Beam Blue Hoodie,pvariant-gsbrightbluehoodiemedium,Medium
bbb10141-b11a-4d14-87d3-581a86934141,F1XJVMA,110,product-gsbrightbluehoodie,Beam Blue Hoodie,pvariant-gsbrightbluehoodiemedium,Medium
f1f1c7f7-770f-40fe-8bbb-47067a93606b,HVEJ3O2,100,product-gsbrightbluesweats,Beam Blue Sweats,pvariant-gsbrightbluesweatsmedium,Medium
efd688aa-c021-4766-9721-83dd92710c63,2PBDJLI,110,product-gsbrightbluehoodie,Beam Blue Hoodie,pvariant-gsbrightbluehoodiemedium,Medium
21d70a2f-165d-4078-bee4-b005730b708e,PGAZWHS,100,product-gsbrightbluesweats,Beam Blue Sweats,pvariant-gsbrightbluesweatsmedium,Medium
21d70a2f-165d-4078-bee4-b005730b708e,PGAZWHS,100,product-gsbrightbluesweats,Beam Blue Sweats,pvariant-gsbrightbluesweatsmedium,Medium
91889cfb-4cf5-4880-ae81-36ee94fe9399,3KVNMYA,50,product-wegoodgreytee,WE GOOD Tee,pvariant-wegoodgreyteemedium,Medium
8a02bc6b-bd19-4650-b170-a7149bc53e20,2GTMKPQ,100,product-gsbrightbluesweats,Beam Blue Sweats,pvariant-gsbrightbluesweatsmedium,Medium
8a02bc6b-bd19-4650-b170-a7149bc53e20,2GTMKPQ,100,product-gsbrightbluesweats,Beam Blue Sweats,pvariant-gsbrightbluesweatsmedium,Medium
8a02bc6b-bd19-4650-b170-a7149bc53e20,2GTMKPQ,100,product-gsbrightbluesweats,Beam Blue Sweats,pvariant-gsbrightbluesweatsmedium,Medium
8a02bc6b-bd19-4650-b170-a7149bc53e20,2GTMKPQ,100,product-gsbrightbluesweats,Beam Blue Sweats,pvariant-gsbrightbluesweatsmedium,Medium
8a02bc6b-bd19-4650-b170-a7149bc53e20,2GTMKPQ,100,product-gsbrightbluesweats,Beam Blue Sweats,pvariant-gsbrightbluesweatsmedium,Medium
f61990b5-bf09-45dd-a65f-3cc7417f4097,7XWHLQD,100,product-gsbrightbluesweats,Beam Blue Sweats,pvariant-gsbrightbluesweatsmedium,Medium
f61990b5-bf09-45dd-a65f-3cc7417f4097,7XWHLQD,100,product-gsbrightbluesweats,Beam Blue Sweats,pvariant-gsbrightbluesweatsmedium,Medium
f61990b5-bf09-45dd-a65f-3cc7417f4097,7XWHLQD,100,product-gsbrightbluesweats,Beam Blue Sweats,pvariant-gsbrightbluesweatsmedium,Medium
f61990b5-bf09-45dd-a65f-3cc7417f4097,7XWHLQD,100,product-gsbrightbluesweats,Beam Blue Sweats,pvariant-gsbrightbluesweatsmedium,Medium
f61990b5-bf09-45dd-a65f-3cc7417f4097,7XWHLQD,100,product-gsbrightbluesweats,Beam Blue Sweats,pvariant-gsbrightbluesweatsmedium,Medium
23b23967-ca3e-4a7c-94d9-00e692a7e00e,MH3HH3T,100,product-gsbrightbluesweats,Beam Blue Sweats,pvariant-gsbrightbluesweatsmedium,Medium
fea0aabe-1b24-420f-8f6c-74f4f56dc147,FDUX2VF,100,product-gsbrightbluesweats,Beam Blue Sweats,pvariant-gsbrightbluesweatsmedium,Medium
42dd34c1-f1ed-4f90-b7af-9261f423ebc9,FXPF4J2,110,product-gsbrightbluehoodie,Beam Blue Hoodie,pvariant-gsbrightbluehoodiemedium,Medium
2e26fa2d-5f0c-46d9-b03f-b09eb039daf8,BEWVPT8,110,product-gsbrightbluehoodie,Beam Blue Hoodie,pvariant-gsbrightbluehoodiemedium,Medium
2e26fa2d-5f0c-46d9-b03f-b09eb039daf8,BEWVPT8,110,product-gsbrightbluehoodie,Beam Blue Hoodie,pvariant-gsbrightbluehoodiemedium,Medium
8d234aa7-691a-4479-b486-8c23896a7ee7,3LUOQBN,110,product-gsbrightbluehoodie,Beam Blue Hoodie,pvariant-gsbrightbluehoodiemedium,Medium
fe8d1e20-c0be-458b-83b3-adfa0a9aebe0,RBLWCLX,50,product-basicwhitetee,Classic Tee,pvariant-basicwhiteteemedium,Medium
14c722f8-6e19-428b-a04a-1f7743b928c9,8QVWRPD,110,product-gsbrightbluehoodie,Beam Blue Hoodie,pvariant-gsbrightbluehoodiemedium,Medium
3afa4494-902d-4969-9515-59840a881767,5TQRKHL,100,product-gsbrightbluesweats,Beam Blue Sweats,pvariant-gsbrightbluesweatsmedium,Medium
3f1ea54e-de6c-4c72-812e-d0a4ae2eb829,HAGNVEP,100,product-gsbrightbluesweats,Beam Blue Sweats,pvariant-gsbrightbluesweatsmedium,Medium
5ce0b62f-eee0-409d-b66e-e6edcf5d3a8e,73CBSVZ,110,product-gsbrightbluehoodie,Beam Blue Hoodie,pvariant-gsbrightbluehoodiemedium,Medium
cbbe8846-a415-4af1-968c-e8642ddd7cff,8GCFFM2,30,product-truckerhat,Washed Dad Cap,pvariant-truckerhatone-size,One Size